Admiralty,NS10
Aljunied,EW9
Ang Mo Kio,NS16/CR11
Bartley,CC12
Bayfront,CE1/DT16
Beauty World,DT5
Bedok,EW5
Bedok North,DT29
Bedok Reservoir,DT30
Bencoolen,DT21
Bendemeer,DT23
Bishan,NS17/CC15
Boon Keng,NE9
Boon Lay,EW27
Botanic Gardens,CC19/DT9
Braddell,NS18
Bras Basah,CC2
Buangkok,NE15
Bugis,DT14/EW12
Bukit Batok,NS2
Bukit Gombak,NS3
Bukit Panjang,DT1/BP6
Buona Vista,EW21/CC22
Caldecott,CC17/TE9
Cashew,DT2
Changi Airport,CG2
Chinatown,DT19/NE4
Chinese Garden,EW25
Choa Chu Kang,NS4
Clarke Quay,NE5
City Hall,NS25/EW13
Clementi MRT Station,EW23
Commonwealth,EW20
Dakota,CC8
Dhoby Ghaut,NS24/NE6/CC1
Dover,EW22
Downtown,DT17
Esplanade,CC3
Eunos,EW7
Expo,CG1/DT35
Farrer Park,NE8
Farrer Road,CC20
Fort Canning,DT20
Geylang Bahru,DT24
Gul Circle,EW30
HarbourFront,CC29/NE1
Haw Par Villa,CC25
Hillview,DT3
Holland Village,CC21
Hougang,NE14/CR8
Hume MRT Station,DT4
Jalan Besar,DT22
Joo Koon,EW29
Jurong East,NS1/EW24
Kaki Bukit,DT28
Kallang,EW10
Kembangan,EW6
Kent Ridge,CC24
Khatib,NS14
King Albert Park,DT6
Kovan,NE13
Kranji,NS7
Labrador Park,CC27
Lakeside,EW26
Lavender,EW11
Little India,NE7/DT12
Lorong Chuan,CC14
MacPherson,CC10/DT26
Marina Bay,NS27/CE2/TE20
Marina South Pier,NS28
Marsiling,NS8
Marymount,CC16
Mattar,DT25
Mountbatten,CC7
Newton,DT11/NS21
Nicoll Highway,CC5
Novena,NS20
one-north,CC23
Orchard,NS22/TE14
Outram Park,EW16/NE3/TE17
Pasir Panjang,CC26
Pasir Ris MRT Station,EW1/CP1/CR5
Paya Lebar,EW8/CC9
Pioneer,EW28
Potong Pasir,NE10
Promenade,CC4/DT15
Punggol,NE17/PTC/CP4
Queenstown,EW19
Raffles Place,NS26/EW14
Redhill,EW18
Rochor,DT13
Sembawang,NS11
Sengkang,NE16/STC
Serangoon,NE12/CC13
Simei,EW3
Sixth Avenue,DT7
Somerset,NS23
Stadium,CC6
Stevens,DT10/TE11
Tai Seng,CC11
Tampines,DT32/EW2
Tampines East,DT33
Tampines West,DT31
Tan Kah Kee,DT8
Tanah Merah,EW4/CG
Tanjong Pagar,EW15
Telok Ayer,DT18
Telok Blangah,CC28
Tiong Bahru,EW17
Toa Payoh,NS19
Tuas Crescent,EW31
Tuas West Road,EW32
Tuas Link,EW33
Ubi,DT27
Upper Changi,DT34
Woodlands,NS9/TE2
Woodleigh,NE11
Yew Tee,NS5
Yio Chu Kang,NS15
Yishun,NS13
Woodlands North MRT Station,TE1
Woodlands South MRT Station,TE3
Springleaf MRT Station,TE4
Lentor MRT Station,TE5
Mayflower MRT Station,TE6
Bright Hill MRT Station,TE7/CR13
Upper Thomson MRT Station,TE8
Mount Pleasant MRT Station,TE10
Napier,TE12
Orchard Boulevard,TE13
Great World,TE15
Havelock,TE16
Maxwell,TE18
Shenton Way,TE19
Marina South MRT Station,TE21
Gardens by the Bay MRT Station,TE22
